Rank,Program,Location,Score,Fit,PilotAccess,NonDilutive,BrandNetwork,Timing,WhyThem,FirstContacts,WarmIntroNeeded,NextAction,SuggestedContacts,ResearchFixes
1,Plug and Play ADGM (Health/InsurTech),Abu Dhabi,19,5,5,4,5,Rolling/cohort,Corporate pilots via DOH/insurers; equity-free,Healthcare/InsurTech Program Manager; Partnerships,No,"Register interest; request inclusion in Health/InsurTech track; share 1-pager + pilot KPIs","Program Manager (TBD); Partnerships Lead (TBD)",Identify current Program Manager/Partnerships leads for Abu Dhabi
2,DIFC FinTech Hive (InsurTech),Dubai,19,5,5,4,5,Cohort (annual),Direct insurer access; strong InsurTech fit,InsurTech Lead; Program Manager,Preferred,"Prep 1-pager + pilot brief; apply next cohort; ask for insurer intros","InsurTech Lead (TBD); Program Manager (TBD)",Confirm current InsurTech lead and PM on DIFC site/LinkedIn
3,Hub71 (ADGM),Abu Dhabi,19,5,4,5,5,{{Next cohort}},Equity-free incentives; strong gov/corporate access,Admissions/Program Manager; BD,Preferred,"Draft narrative with UAE traction; request warm intro; align timing","Admissions Manager (TBD); Program Manager (TBD)",Identify current admissions/program contacts
4,Dubai Future Accelerators (DFF),Dubai,17,4,5,3,5,Programmatic,Gov problem statements; payer/regulator pilots,Program Team; Challenge Owner,Preferred,"Identify healthcare challenges; submit solution brief; seek gov sponsor","Executive Director/Program Lead (TBD); Healthcare Challenge Owner (TBD)",Map current DFF leadership and challenge owners
5,MBRIF Innovation Accelerator,Dubai/UAE,17,4,4,5,4,Cohort,Non-dilutive; gov credibility; good BD,Program Manager; Partnerships,No,"Apply; emphasize outcomes/KPIs; request BD intros","Program Manager (TBD); Partnerships (TBD)",Confirm current MBRIF program manager
6,Startupbootcamp FinTech Dubai,Dubai,17,5,5,2,5,Cohort,Top InsurTech route; bank/insurer access,Program Director; InsurTech Lead,No,"Apply; highlight payer use case; accept equity trade-off if strategic","Program Director (TBD); InsurTech Lead (TBD)",Verify current SBC Dubai InsurTech leadership
7,Microsoft GrowthX Accelerator,Abu Dhabi/Dubai,16,3,4,4,5,Cohort,Corporate access; tech enablement; non-dilutive,Program Manager; Partnerships,No,"Register; position Azure/UAE hosting; align to partner challenges","Program Manager (TBD); Partner Lead (TBD)",Identify GrowthX PM for UAE cohort
8,DIFC Innovation Hub Programs,Dubai,16,4,4,3,5,Programmatic,Broad DIFC innovation programs,Program Manager,Optional,"Map suitable track; request insurer partner meetings","Program Manager (TBD)",Find current program contact for relevant track
9,DIFC Launchpad,Dubai,15,4,4,2,5,Rolling,Venture building; FI proximity,Program Manager; Venture Studio Lead,Optional,"Explore venture build fit; evaluate equity terms","Program Manager (TBD); Venture Studio Lead (TBD)",Identify Launchpad leads
10,ADGM RegLab (FinTech Sandbox),Abu Dhabi,15,3,3,5,4,Rolling,Regulatory sandbox; compliance enablement,RegLab Coordinator; Policy,Optional,"Scope sandbox needs (data residency, audit); submit interest","RegLab Coordinator (TBD); Policy Lead (TBD)",Confirm current RegLab contacts
11,Dubai Science Park (Health),Dubai,15,4,4,3,4,Rolling,Health cluster; facilities + network,Cluster Manager; Partnerships,Optional,"Enquire residency/membership; leverage health network for intros","Cluster Manager (TBD); Partnerships (TBD)",Identify current health cluster contacts
12,In5 (Tech/Media/Design),Dubai,14,3,3,5,3,Rolling,Equity-free setup/licensing; Dubai base,Program Manager; Admissions,No,"Begin membership inquiry; use as base + light intros","Program Director/Admissions (TBD)",Confirm current In5 program contact
13,startAD (NYUAD),Abu Dhabi,14,3,4,3,4,Programmatic,Corporate pilot pathways; curated tracks,Managing Director; Program Lead,Optional,"Express interest; align to healthcare problem statements","Ramesh Jagannathan (Managing Director); Program Lead (TBD)",Verify MD title and program lead for current year
14,Techstars Hub71,Abu Dhabi,14,4,4,1,5,Cohort,Global brand; strong mentors/investors,Program Director; Investment Team,No,"Apply if timing fits; weigh equity vs network benefits","Program Director (TBD); Investment Principal (TBD)",Confirm current Techstars Hub71 leadership
15,Intelak,Dubai,14,2,4,4,4,Cohort,Travel/aviation focus; payer/provider intros,Program Manager,Optional,"Position insurer/provider crossover; explore corporate pilots","Program Manager (TBD)",Identify Intelak PM for health-adjacent tracks
16,C3 – Companies Creating Change,Dubai,14,3,3,4,4,Cohort,Impact focus; non-dilutive,Program Manager,No,"Apply with measurable health outcomes/ROI narrative","Program Manager (TBD)",Confirm C3 contact for UAE program
17,Ztartup (DHCC),Dubai,14,4,3,4,3,Rolling,Healthtech-focused; DHCC clinical network,Program Director; Admissions,No,"Enquire incubation; leverage clinical network for pilots","Program Director (TBD); Admissions (TBD)",Find current Ztartup DHCC contacts
18,Elets HealthTech Accelerator,Dubai,14,4,3,4,3,**Check cohort**,Healthtech cohort + investor access,Program Manager,No,"Register interest; pitch payer-side impact story","Program Manager (TBD)",Confirm next cohort dates and PM
19,Sheraa (S3),Sharjah,13,3,3,4,3,Cohort,Equity-free; potential grants,CEO/Program Lead,Optional,"Apply; assess grant fit; tailor impact angle","Najla Al-Midfa (CEO); Program Lead (TBD)",Verify current program lead name
20,Dubai Smart City Accelerator,Dubai,13,3,4,2,4,Cohort,Gov/corporate links for AI/data plays,Program Manager,Optional,"Position AI/automation KPIs; request payer/regulator intros","Program Manager (TBD)",Identify current PM
21,Ma’an Social Incubator,Abu Dhabi,13,2,3,4,4,Cohort,Social impact angle,Program Manager,Optional,"Emphasize access/outcomes; explore non-dilutive support","Program Manager (TBD)",Confirm PM and next cohort window
22,Dtec (Dubai Silicon Oasis),Dubai,12,3,3,3,3,Rolling,Large founder hub; multi-program,Program Manager,No,"Join community; surface insurer/TPA events and intros","Program Manager (TBD)",Identify relevant program owner
23,SAIA (Sharjah),Sharjah,12,3,3,3,3,Short program,Some healthcare/insurtech overlap,Program Manager,Optional,"Short-cycle exposure; qualify partner access","Program Manager (TBD)",Confirm focal contact
24,Antler MENA,Dubai,12,3,3,1,5,Cohort,Venture builder + capital; equity-based,Partner; Program Director,No,"Consider if co-founder/capital need; weigh equity","Partner (TBD); Program Director (TBD)",Identify Antler partner for health/insurtech
25,Krypto Labs,Abu Dhabi,12,3,3,2,4,Programmatic,Deep-tech friendly; equity-based,Program Manager,Optional,"Pitch AI/rules engine; review terms/track record","Program Manager (TBD)",Confirm current PM
26,Flat6Labs Abu Dhabi,Abu Dhabi,11,3,3,1,4,Cohort,Seed + strong network; equity,Managing Director; Program Team,No,"Apply if capital needed; align milestones to demo day","Managing Director (TBD); Program Manager (TBD)",Verify MD for Abu Dhabi office
27,Impact Hub Dubai Programs,Dubai,11,2,2,4,3,Rolling,Community + light programs,Program Manager,No,"Use for BD visibility; host/attend health events","Program Manager (TBD)",Identify program owner
28,Sandbox (Oraseya),Abu Dhabi/Dubai,10,3,3,1,3,Cohort,Funding + programming; equity,Program Manager,No,"Evaluate funding terms; leverage workshops for BD","Program Manager (TBD)",Confirm PM
29,AstroLabs (Market Entry),Dubai,10,2,2,3,3,Rolling,Market entry support; less accelerator-like,Program Manager,No,"Use for setup/market intel; not primary pilot path","Program Manager (TBD)",Identify focal contact
30,UAEU Science & Innovation Park,Al Ain,10,2,2,3,3,Rolling,University hub; early-stage,Program Manager,No,"Tap student projects/research; limited enterprise access","Program Manager (TBD)",Confirm PM
31,Khalifa Innovation Center (KIC),Abu Dhabi,10,2,2,3,3,Rolling,Univ-linked; early incubation,Program Manager,No,"Explore incubation benefits; modest pilot access","Program Manager (TBD)",Identify PM
32,RAK Incubator & Accelerator,Ras Al Khaimah,10,2,2,3,3,Rolling,Regional; generalist,Program Manager,No,"Qualify local payer connections; visibility play","Program Manager (TBD)",Find program contact
33,RAKEZ Business Accelerator,Ras Al Khaimah,10,2,2,3,3,Rolling,Setup/licensing; generalist,Program Manager,No,"Consider for licensing/logistics; low pilot leverage","Program Manager (TBD)",Identify contact
34,Fikra Labs,Abu Dhabi,10,2,2,3,3,Cohort,Media/tourism focus; tangential,Program Manager,No,"Only if comms/UX angle; deprioritize otherwise","Program Manager (TBD)",Confirm PM
35,The Catalyst (Masdar),Abu Dhabi,8,1,2,1,4,Rolling,Clean tech focus; low fit,Program Manager,No,"Skip unless sustainability becomes core angle","Program Manager (TBD)",Identify PM
36,FasterCapital,Dubai,8,2,2,2,2,Rolling,Funding-as-a-service; mixed feedback,Program Manager,No,"Cautious engagement; prioritize stronger programs","Program Manager (TBD)",Confirm contact
